{
  "meta_title": "",
  "meta_description": "E-commerce de produtos de áudio High End para residência, Home Theater e Estéreo de alta fidelidade.",
  "sections": [
    {
      "type": "banner-slider",
      "autoplay": 9000,
      "full_width": false,
      "slides": [
        {
          "img": "/img/uploads/marantz-cinema-copiar-1-.jpg",
          "link": "/headset",
          "alt": "Headset banner",
          "start": "2020-04-11T05:54:06.750Z",
          "end": "2020-12-31T03:00:00.000Z",
          "mobile_img": "/img/uploads/headphone.webp"
        },
        {
          "start": "",
          "end": "",
          "img": "/img/uploads/banner-klipsch-nine-copiar-1-.jpg",
          "alt": "Banner sample two",
          "mobile_img": "/img/uploads/passion.webp"
        },
        {
          "start": "",
          "end": "",
          "img": "/img/uploads/ma-silver-7g-1-.jpg"
        },
        {
          "start": "",
          "end": "",
          "img": "/img/uploads/model-m1-banner_01-1-.jpg"
        }
      ]
    },
    {
      "type": "info-bar",
      "enabled": true
    },
    {
      "type": "banners-grid",
      "banners": [
        {
          "img": "/img/uploads/banner-anthem-1-.jpg",
          "link": "/marca/anthem"
        },
        {
          "img": "/img/uploads/q-acoustics-banner-1-.jpg",
          "link": "/marca/q-acoustics"
        }
      ]
    },
    {
      "type": "dynamic-showcase",
      "load_more": true,
      "sort": "views"
    }
  ]
}